date,ad,total_spend
10/1/15,ad_group_1,2105.1
10/2/15,ad_group_1,2348.12
10/3/15,ad_group_1,1989.18
10/4/15,ad_group_1,2861.33
10/5/15,ad_group_1,2696
10/6/15,ad_group_1,2564.66
10/7/15,ad_group_1,2246.6
10/8/15,ad_group_1,3112.63
10/9/15,ad_group_1,2098.8
10/10/15,ad_group_1,2431.02
10/11/15,ad_group_1,1997.52
10/12/15,ad_group_1,2799.42
10/13/15,ad_group_1,3801.9
10/14/15,ad_group_1,2769.6
10/15/15,ad_group_1,1811.16
10/16/15,ad_group_1,2654.4
10/17/15,ad_group_1,3607.52
10/18/15,ad_group_1,2468.1
10/19/15,ad_group_1,2612.21
10/20/15,ad_group_1,2873.97
10/21/15,ad_group_1,2596.69
10/22/15,ad_group_1,2067.12
10/23/15,ad_group_1,2607.36
10/24/15,ad_group_1,2359.68
10/25/15,ad_group_1,2776.14
10/26/15,ad_group_1,2117.31
10/27/15,ad_group_1,2770.32
10/28/15,ad_group_1,3277.8
10/29/15,ad_group_1,2857.29
10/30/15,ad_group_1,2365.44
10/31/15,ad_group_1,2520.06
11/1/15,ad_group_1,2311.35
11/2/15,ad_group_1,2312.91
11/3/15,ad_group_1,2229.3
11/4/15,ad_group_1,2888
11/5/15,ad_group_1,2447.04
11/6/15,ad_group_1,2242.23
11/7/15,ad_group_1,2051.9
11/8/15,ad_group_1,3478.19
11/9/15,ad_group_1,2594.88
11/10/15,ad_group_1,2367.78
11/11/15,ad_group_1,3115.35
11/12/15,ad_group_1,2066.25
11/13/15,ad_group_1,3051.84
11/14/15,ad_group_1,2911.83
11/15/15,ad_group_1,2961
11/16/15,ad_group_1,3072.42
11/17/15,ad_group_1,2370.84
11/18/15,ad_group_1,3333.22
11/19/15,ad_group_1,2999
11/20/15,ad_group_1,3245.4
11/21/15,ad_group_1,2923.47
11/22/15,ad_group_1,3043.88
10/1/15,ad_group_2,886.9
10/2/15,ad_group_2,600.3
10/3/15,ad_group_2,582.96
10/4/15,ad_group_2,1155.96
10/5/15,ad_group_2,749.45
10/6/15,ad_group_2,918.39
10/7/15,ad_group_2,827.45
10/8/15,ad_group_2,618.32
10/9/15,ad_group_2,650.26
10/10/15,ad_group_2,645
10/11/15,ad_group_2,715.65
10/12/15,ad_group_2,996.1
10/13/15,ad_group_2,764.28
10/14/15,ad_group_2,586.53
10/15/15,ad_group_2,807.35
10/16/15,ad_group_2,864.5
10/17/15,ad_group_2,696.15
10/18/15,ad_group_2,1279.98
10/19/15,ad_group_2,585.8
10/20/15,ad_group_2,600
10/21/15,ad_group_2,547.2
10/22/15,ad_group_2,710.52
10/23/15,ad_group_2,714.6
10/24/15,ad_group_2,750.1
10/25/15,ad_group_2,668.43
10/26/15,ad_group_2,800.58
10/27/15,ad_group_2,607.11
10/28/15,ad_group_2,617.31
10/29/15,ad_group_2,921.15
10/30/15,ad_group_2,587.67
10/31/15,ad_group_2,727.65
11/1/15,ad_group_2,839.73
11/2/15,ad_group_2,875.02
11/3/15,ad_group_2,664.2
11/4/15,ad_group_2,431.97
11/5/15,ad_group_2,865.64
11/6/15,ad_group_2,499.4
11/7/15,ad_group_2,1092.24
11/8/15,ad_group_2,907.12
11/9/15,ad_group_2,488.4
11/10/15,ad_group_2,613.2
11/11/15,ad_group_2,887.6
11/12/15,ad_group_2,630.12
11/13/15,ad_group_2,1130.88
11/14/15,ad_group_2,871.67
11/15/15,ad_group_2,721.63
11/16/15,ad_group_2,538.82
11/17/15,ad_group_2,924.42
11/18/15,ad_group_2,1147.6
11/19/15,ad_group_2,388.11
11/20/15,ad_group_2,792.66
11/21/15,ad_group_2,855.59
11/22/15,ad_group_2,722.56
10/1/15,ad_group_3,37234.98
10/2/15,ad_group_3,33649.8
10/3/15,ad_group_3,31423.34
10/4/15,ad_group_3,45201.44
10/5/15,ad_group_3,34762.5
10/6/15,ad_group_3,51815.4
10/7/15,ad_group_3,38896.22
10/8/15,ad_group_3,32547.05
10/9/15,ad_group_3,38865.51
10/10/15,ad_group_3,41852.64
10/11/15,ad_group_3,40793.61
10/12/15,ad_group_3,34376.1
10/13/15,ad_group_3,48456.8
10/14/15,ad_group_3,37658.76
10/15/15,ad_group_3,66922.08
10/16/15,ad_group_3,38555.14
10/17/15,ad_group_3,55496.54
10/18/15,ad_group_3,34603.53
10/19/15,ad_group_3,40396.2
10/20/15,ad_group_3,47425.17
10/21/15,ad_group_3,49901.64
10/22/15,ad_group_3,65901.13
10/23/15,ad_group_3,45487.9
10/24/15,ad_group_3,42679.8
10/25/15,ad_group_3,41027.84
10/26/15,ad_group_3,37265.58
10/27/15,ad_group_3,53518.9
10/28/15,ad_group_3,26152.67
10/29/15,ad_group_3,30535.9
10/30/15,ad_group_3,50499.08
10/31/15,ad_group_3,58421.43
11/1/15,ad_group_3,35641.49
11/2/15,ad_group_3,28479.6
11/3/15,ad_group_3,37207.44
11/4/15,ad_group_3,44458.74
11/5/15,ad_group_3,43764.53
11/6/15,ad_group_3,43715.94
11/7/15,ad_group_3,42468.4
11/8/15,ad_group_3,44793
11/9/15,ad_group_3,48377.44
11/10/15,ad_group_3,47755.46
11/11/15,ad_group_3,29701.37
11/12/15,ad_group_3,46837.2
11/13/15,ad_group_3,54505.44
11/14/15,ad_group_3,47702.17
11/15/15,ad_group_3,50220.04
11/16/15,ad_group_3,38295.15
11/17/15,ad_group_3,34188
11/18/15,ad_group_3,47840.8
11/19/15,ad_group_3,48730
11/20/15,ad_group_3,59025.18
11/21/15,ad_group_3,55245.92
11/22/15,ad_group_3,45657.04
10/1/15,ad_group_4,20820.06
10/2/15,ad_group_4,17822.64
10/3/15,ad_group_4,20487.6
10/4/15,ad_group_4,13768.56
10/5/15,ad_group_4,11302.2
10/6/15,ad_group_4,14828.12
10/7/15,ad_group_4,15814.26
10/8/15,ad_group_4,17524.26
10/9/15,ad_group_4,31692.15
10/10/15,ad_group_4,21482.82
10/11/15,ad_group_4,23868.08
10/12/15,ad_group_4,23862.84
10/13/15,ad_group_4,24134.18
10/14/15,ad_group_4,17759.26
10/15/15,ad_group_4,19773.78
10/16/15,ad_group_4,18667.5
10/17/15,ad_group_4,21821.91
10/18/15,ad_group_4,31702.44
10/19/15,ad_group_4,19344.64
10/20/15,ad_group_4,21937.3
10/21/15,ad_group_4,22025.64
10/22/15,ad_group_4,13888.78
10/23/15,ad_group_4,15272.32
10/24/15,ad_group_4,23550.54
10/25/15,ad_group_4,14912.48
10/26/15,ad_group_4,24519.35
10/27/15,ad_group_4,10844.68
10/28/15,ad_group_4,14528.64
10/29/15,ad_group_4,23879.38
10/30/15,ad_group_4,18218.97
10/31/15,ad_group_4,26466.16
11/1/15,ad_group_4,26992.86
11/2/15,ad_group_4,15438.27
11/3/15,ad_group_4,22086.6
11/4/15,ad_group_4,15031.94
11/5/15,ad_group_4,22173.25
11/6/15,ad_group_4,23867.25
11/7/15,ad_group_4,19725.92
11/8/15,ad_group_4,22231.98
11/9/15,ad_group_4,18741.36
11/10/15,ad_group_4,20771.4
11/11/15,ad_group_4,17892.52
11/12/15,ad_group_4,0
11/13/15,ad_group_4,14118.02
11/14/15,ad_group_4,26426.4
11/15/15,ad_group_4,0
11/16/15,ad_group_4,25005.75
11/17/15,ad_group_4,22366.8
11/18/15,ad_group_4,18418.79
11/19/15,ad_group_4,21588.8
11/20/15,ad_group_4,17325.72
11/21/15,ad_group_4,19982.25
11/22/15,ad_group_4,17909.54
10/1/15,ad_group_5,6015.93
10/2/15,ad_group_5,5308.8
10/3/15,ad_group_5,7570.2
10/4/15,ad_group_5,7681.74
10/5/15,ad_group_5,5107.05
10/6/15,ad_group_5,5497.8
10/7/15,ad_group_5,6692.18
10/8/15,ad_group_5,5934.72
10/9/15,ad_group_5,7724.2
10/10/15,ad_group_5,6514.79
10/11/15,ad_group_5,6230.32
10/12/15,ad_group_5,0
10/13/15,ad_group_5,7350.63
10/14/15,ad_group_5,6575.17
10/15/15,ad_group_5,6070.35
10/16/15,ad_group_5,7191
10/17/15,ad_group_5,8324.6
10/18/15,ad_group_5,7916.72
10/19/15,ad_group_5,7380.45
10/20/15,ad_group_5,6328.9
10/21/15,ad_group_5,6970.68
10/22/15,ad_group_5,8118.33
10/23/15,ad_group_5,5849.83
10/24/15,ad_group_5,5489.93
10/25/15,ad_group_5,6869.52
10/26/15,ad_group_5,6176.65
10/27/15,ad_group_5,9302.6
10/28/15,ad_group_5,5768.3
10/29/15,ad_group_5,5880.14
10/30/15,ad_group_5,9005.09
10/31/15,ad_group_5,7229.97
11/1/15,ad_group_5,6656.76
11/2/15,ad_group_5,7722.55
11/3/15,ad_group_5,6287.28
11/4/15,ad_group_5,5092
11/5/15,ad_group_5,5010.36
11/6/15,ad_group_5,9510.6
11/7/15,ad_group_5,6554.87
11/8/15,ad_group_5,6409.76
11/9/15,ad_group_5,7236
11/10/15,ad_group_5,7133.37
11/11/15,ad_group_5,4893.25
11/12/15,ad_group_5,6762.36
11/13/15,ad_group_5,7341.56
11/14/15,ad_group_5,7894.88
11/15/15,ad_group_5,6584.91
11/16/15,ad_group_5,7536.6
11/17/15,ad_group_5,7756.36
11/18/15,ad_group_5,5871.2
11/19/15,ad_group_5,6666.72
11/20/15,ad_group_5,7927.05
11/21/15,ad_group_5,6269.19
11/22/15,ad_group_5,6822.48
10/1/15,ad_group_6,1824.12
10/2/15,ad_group_6,1786.5
10/3/15,ad_group_6,2315.16
10/4/15,ad_group_6,2209.46
10/5/15,ad_group_6,1923.9
10/6/15,ad_group_6,2044.18
10/7/15,ad_group_6,1912.56
10/8/15,ad_group_6,2285.92
10/9/15,ad_group_6,1554
10/10/15,ad_group_6,2707.25
10/11/15,ad_group_6,2528.75
10/12/15,ad_group_6,2024.19
10/13/15,ad_group_6,2269.68
10/14/15,ad_group_6,2351.25
10/15/15,ad_group_6,2216.16
10/16/15,ad_group_6,1728.64
10/17/15,ad_group_6,2285.36
10/18/15,ad_group_6,2482.49
10/19/15,ad_group_6,1816.5
10/20/15,ad_group_6,2332.53
10/21/15,ad_group_6,2035.2
10/22/15,ad_group_6,1782.24
10/23/15,ad_group_6,1940.8
10/24/15,ad_group_6,2282.88
10/25/15,ad_group_6,1884.96
10/26/15,ad_group_6,2247.96
10/27/15,ad_group_6,1947.43
10/28/15,ad_group_6,2187.99
10/29/15,ad_group_6,2760.8
10/30/15,ad_group_6,1819.16
10/31/15,ad_group_6,2840.88
11/1/15,ad_group_6,2281.24
11/2/15,ad_group_6,1743.75
11/3/15,ad_group_6,1830.4
11/4/15,ad_group_6,1618.61
11/5/15,ad_group_6,2022.16
11/6/15,ad_group_6,2352.96
11/7/15,ad_group_6,2330.51
11/8/15,ad_group_6,2143.48
11/9/15,ad_group_6,2451.12
11/10/15,ad_group_6,2131.44
11/11/15,ad_group_6,1915.5
11/12/15,ad_group_6,2042.88
11/13/15,ad_group_6,1732.75
11/14/15,ad_group_6,2337.4
11/15/15,ad_group_6,1984.5
11/16/15,ad_group_6,2374.75
11/17/15,ad_group_6,2112.49
11/18/15,ad_group_6,1806.42
11/19/15,ad_group_6,2460.15
11/20/15,ad_group_6,1996.8
11/21/15,ad_group_6,1931.58
11/22/15,ad_group_6,1836.68
10/1/15,ad_group_7,5212.5
10/2/15,ad_group_7,7852.73
10/3/15,ad_group_7,8933.68
10/4/15,ad_group_7,5375.36
10/5/15,ad_group_7,11253.62
10/6/15,ad_group_7,12441.96
10/7/15,ad_group_7,7927.56
10/8/15,ad_group_7,12016.16
10/9/15,ad_group_7,8027.25
10/10/15,ad_group_7,12493.9
10/11/15,ad_group_7,6842.22
10/12/15,ad_group_7,8643.91
10/13/15,ad_group_7,9648
10/14/15,ad_group_7,7182.21
10/15/15,ad_group_7,7912.17
10/16/15,ad_group_7,11086.4
10/17/15,ad_group_7,10296.26
10/18/15,ad_group_7,10322.7
10/19/15,ad_group_7,9132.76
10/20/15,ad_group_7,9424.48
10/21/15,ad_group_7,10834.88
10/22/15,ad_group_7,8405.16
10/23/15,ad_group_7,12073.42
10/24/15,ad_group_7,8625.75
10/25/15,ad_group_7,7782.21
10/26/15,ad_group_7,8997.51
10/27/15,ad_group_7,13295.59
10/28/15,ad_group_7,8614.8
10/29/15,ad_group_7,7294.92
10/30/15,ad_group_7,9600.58
10/31/15,ad_group_7,9965.23
11/1/15,ad_group_7,8593.84
11/2/15,ad_group_7,8472.6
11/3/15,ad_group_7,8942.72
11/4/15,ad_group_7,8760.4
11/5/15,ad_group_7,7604.1
11/6/15,ad_group_7,8608.36
11/7/15,ad_group_7,10558
11/8/15,ad_group_7,7732.62
11/9/15,ad_group_7,7948.07
11/10/15,ad_group_7,10976.84
11/11/15,ad_group_7,7024
11/12/15,ad_group_7,5352.48
11/13/15,ad_group_7,7307.32
11/14/15,ad_group_7,8254.75
11/15/15,ad_group_7,8401.75
11/16/15,ad_group_7,7625.22
11/17/15,ad_group_7,9634.24
11/18/15,ad_group_7,9548.28
11/19/15,ad_group_7,6661.2
11/20/15,ad_group_7,8188
11/21/15,ad_group_7,7746.48
11/22/15,ad_group_7,10835.55
10/1/15,ad_group_8,5467.7
10/2/15,ad_group_8,5096
10/3/15,ad_group_8,5254.6
10/4/15,ad_group_8,5983.1
10/5/15,ad_group_8,5014.02
10/6/15,ad_group_8,3396.9
10/7/15,ad_group_8,4326.3
10/8/15,ad_group_8,3745.32
10/9/15,ad_group_8,5369.02
10/10/15,ad_group_8,6062.7
10/11/15,ad_group_8,4692.24
10/12/15,ad_group_8,5329.22
10/13/15,ad_group_8,4454.22
10/14/15,ad_group_8,4877.16
10/15/15,ad_group_8,6521.12
10/16/15,ad_group_8,6165.5
10/17/15,ad_group_8,5998
10/18/15,ad_group_8,6573.6
10/19/15,ad_group_8,6109.4
10/20/15,ad_group_8,4990.41
10/21/15,ad_group_8,4076.82
10/22/15,ad_group_8,5315.6
10/23/15,ad_group_8,4067.3
10/24/15,ad_group_8,5588
10/25/15,ad_group_8,5830.2
10/26/15,ad_group_8,5361.54
10/27/15,ad_group_8,6984.27
10/28/15,ad_group_8,5771.52
10/29/15,ad_group_8,4484.97
10/30/15,ad_group_8,4568.4
10/31/15,ad_group_8,5596.5
11/1/15,ad_group_8,5742.55
11/2/15,ad_group_8,4754.96
11/3/15,ad_group_8,5456.9
11/4/15,ad_group_8,5543.58
11/5/15,ad_group_8,5286.5
11/6/15,ad_group_8,4704.88
11/7/15,ad_group_8,5624.28
11/8/15,ad_group_8,5723.24
11/9/15,ad_group_8,4032.06
11/10/15,ad_group_8,5508
11/11/15,ad_group_8,5826.1
11/12/15,ad_group_8,5654
11/13/15,ad_group_8,4431.6
11/14/15,ad_group_8,4947.84
11/15/15,ad_group_8,4922.88
11/16/15,ad_group_8,6355
11/17/15,ad_group_8,4681.6
11/18/15,ad_group_8,3750.03
11/19/15,ad_group_8,4971.54
11/20/15,ad_group_8,6075.68
11/21/15,ad_group_8,4831.84
11/22/15,ad_group_8,5167.5
10/1/15,ad_group_9,19.89
10/2/15,ad_group_9,24.6
10/3/15,ad_group_9,21.9
10/4/15,ad_group_9,19.8
10/5/15,ad_group_9,21.87
10/6/15,ad_group_9,19.53
10/7/15,ad_group_9,20.88
10/8/15,ad_group_9,21.69
10/9/15,ad_group_9,18.45
10/10/15,ad_group_9,20.61
10/11/15,ad_group_9,21.15
10/12/15,ad_group_9,25.38
10/13/15,ad_group_9,23.7
10/14/15,ad_group_9,17.44
10/15/15,ad_group_9,22.05
10/16/15,ad_group_9,21.42
10/17/15,ad_group_9,22.59
10/18/15,ad_group_9,28.6
10/19/15,ad_group_9,27.6
10/20/15,ad_group_9,20.16
10/21/15,ad_group_9,28.3
10/22/15,ad_group_9,27.9
10/23/15,ad_group_9,21.06
10/24/15,ad_group_9,19.17
10/25/15,ad_group_9,24.48
10/26/15,ad_group_9,21.06
10/27/15,ad_group_9,28.1
10/28/15,ad_group_9,21.78
10/29/15,ad_group_9,19.71
10/30/15,ad_group_9,18.56
10/31/15,ad_group_9,29
11/1/15,ad_group_9,23.04
11/2/15,ad_group_9,28.8
11/3/15,ad_group_9,26.1
11/4/15,ad_group_9,26.55
11/5/15,ad_group_9,18.64
11/6/15,ad_group_9,26.28
11/7/15,ad_group_9,23.04
11/8/15,ad_group_9,24.8
11/9/15,ad_group_9,17.55
11/10/15,ad_group_9,20.88
11/11/15,ad_group_9,27.2
11/12/15,ad_group_9,23.2
11/13/15,ad_group_9,20.34
11/14/15,ad_group_9,27
11/15/15,ad_group_9,22.41
11/16/15,ad_group_9,27.1
11/17/15,ad_group_9,29.3
11/18/15,ad_group_9,24.3
11/19/15,ad_group_9,26.4
11/20/15,ad_group_9,23.94
11/21/15,ad_group_9,21.78
11/22/15,ad_group_9,19.52
10/1/15,ad_group_10,1198.4
10/2/15,ad_group_10,1775.07
10/3/15,ad_group_10,1406.72
10/4/15,ad_group_10,1723.68
10/5/15,ad_group_10,1573.18
10/6/15,ad_group_10,2395.53
10/7/15,ad_group_10,1781.91
10/8/15,ad_group_10,1502.88
10/9/15,ad_group_10,1610.61
10/10/15,ad_group_10,2145.92
10/11/15,ad_group_10,2103.4
10/12/15,ad_group_10,2273.3
10/13/15,ad_group_10,1700.16
10/14/15,ad_group_10,1712.7
10/15/15,ad_group_10,1898.91
10/16/15,ad_group_10,1390.8
10/17/15,ad_group_10,1362.49
10/18/15,ad_group_10,2035.22
10/19/15,ad_group_10,2340.88
10/20/15,ad_group_10,2309.06
10/21/15,ad_group_10,2098.38
10/22/15,ad_group_10,2150.33
10/23/15,ad_group_10,2120.48
10/24/15,ad_group_10,1734
10/25/15,ad_group_10,1821.69
10/26/15,ad_group_10,1753.92
10/27/15,ad_group_10,2071.25
10/28/15,ad_group_10,1941.39
10/29/15,ad_group_10,1641.18
10/30/15,ad_group_10,1941.34
10/31/15,ad_group_10,1993.41
11/1/15,ad_group_10,1937.56
11/2/15,ad_group_10,2200.02
11/3/15,ad_group_10,2435.52
11/5/15,ad_group_10,1698.84
11/6/15,ad_group_10,1644.81
11/7/15,ad_group_10,2193.09
11/8/15,ad_group_10,2392.67
11/9/15,ad_group_10,1797.06
11/10/15,ad_group_10,2131.37
11/11/15,ad_group_10,1995.92
11/12/15,ad_group_10,1872.54
11/13/15,ad_group_10,2218.44
11/14/15,ad_group_10,2491.16
11/15/15,ad_group_10,2269.2
11/16/15,ad_group_10,1803.2
11/17/15,ad_group_10,2250.29
11/18/15,ad_group_10,2107.45
11/19/15,ad_group_10,2138.93
11/20/15,ad_group_10,2808.33
11/21/15,ad_group_10,1422.22
11/22/15,ad_group_10,2071.32
10/1/15,ad_group_11,1543.89
10/2/15,ad_group_11,2053.13
10/3/15,ad_group_11,2092.36
10/4/15,ad_group_11,1721.97
10/5/15,ad_group_11,1422.04
10/6/15,ad_group_11,1926.04
10/7/15,ad_group_11,2191.64
10/8/15,ad_group_11,2304.13
10/9/15,ad_group_11,2300.51
10/10/15,ad_group_11,1815.6
10/11/15,ad_group_11,2024.49
10/12/15,ad_group_11,2177.7
10/13/15,ad_group_11,2419.26
10/14/15,ad_group_11,2434.74
10/15/15,ad_group_11,2314.99
10/16/15,ad_group_11,2325.6
10/17/15,ad_group_11,2371.1
10/18/15,ad_group_11,2313.39
10/19/15,ad_group_11,2065.5
10/20/15,ad_group_11,1854.94
10/21/15,ad_group_11,1997.32
10/22/15,ad_group_11,1897.38
10/23/15,ad_group_11,2376.14
10/24/15,ad_group_11,2281.14
10/25/15,ad_group_11,2886.36
10/26/15,ad_group_11,0
10/27/15,ad_group_11,2016.2
10/28/15,ad_group_11,2262.56
10/29/15,ad_group_11,2349.54
10/30/15,ad_group_11,1996.5
10/31/15,ad_group_11,1992.4
11/1/15,ad_group_11,1956.24
11/2/15,ad_group_11,2712.2
11/3/15,ad_group_11,2641
11/4/15,ad_group_11,2332.8
11/5/15,ad_group_11,1513.72
11/6/15,ad_group_11,2249.67
11/7/15,ad_group_11,0
11/8/15,ad_group_11,2373.28
11/9/15,ad_group_11,2214.08
11/10/15,ad_group_11,2156.88
11/11/15,ad_group_11,0
11/12/15,ad_group_11,2038.75
11/13/15,ad_group_11,2353.26
11/14/15,ad_group_11,2618.88
11/15/15,ad_group_11,1777.5
11/16/15,ad_group_11,1712.07
11/17/15,ad_group_11,2045.1
11/18/15,ad_group_11,2173.5
11/19/15,ad_group_11,2918.52
11/20/15,ad_group_11,2413.32
11/21/15,ad_group_11,0
11/22/15,ad_group_11,2708.37
10/1/15,ad_group_12,3320.47
10/2/15,ad_group_12,3053.5
10/3/15,ad_group_12,3860.44
10/4/15,ad_group_12,3432.56
10/5/15,ad_group_12,3283.64
10/6/15,ad_group_12,4483.71
10/7/15,ad_group_12,3861
10/8/15,ad_group_12,4537.9
10/9/15,ad_group_12,3549.56
10/10/15,ad_group_12,3724.38
10/11/15,ad_group_12,3492.32
10/12/15,ad_group_12,3081.32
10/13/15,ad_group_12,2965.9
10/14/15,ad_group_12,3884.51
10/15/15,ad_group_12,2948.49
10/16/15,ad_group_12,4060.07
10/17/15,ad_group_12,3507
10/18/15,ad_group_12,2895.25
10/19/15,ad_group_12,4353.46
10/20/15,ad_group_12,4495.16
10/21/15,ad_group_12,4708.48
10/22/15,ad_group_12,4049.2
10/23/15,ad_group_12,2928.55
10/24/15,ad_group_12,2889.48
10/25/15,ad_group_12,3996.34
10/26/15,ad_group_12,0
10/27/15,ad_group_12,3278.28
10/28/15,ad_group_12,3170
10/29/15,ad_group_12,3293.55
10/30/15,ad_group_12,4416.04
10/31/15,ad_group_12,4224.66
11/1/15,ad_group_12,3714.6
11/2/15,ad_group_12,3828.3
11/3/15,ad_group_12,3408.87
11/4/15,ad_group_12,3922
11/5/15,ad_group_12,3776
11/6/15,ad_group_12,3635.9
11/7/15,ad_group_12,3588.76
11/8/15,ad_group_12,4579.86
11/9/15,ad_group_12,4054.22
11/10/15,ad_group_12,3144.24
11/11/15,ad_group_12,3632
11/12/15,ad_group_12,3020.05
11/13/15,ad_group_12,3331.27
11/14/15,ad_group_12,3741.1
11/15/15,ad_group_12,5047.8
11/16/15,ad_group_12,5097.04
11/17/15,ad_group_12,4359.04
11/18/15,ad_group_12,4206.31
11/19/15,ad_group_12,3456.1
11/20/15,ad_group_12,0
11/21/15,ad_group_12,3598.82
11/22/15,ad_group_12,3300.11
10/1/15,ad_group_13,26190.7
10/2/15,ad_group_13,25733.46
10/3/15,ad_group_13,13275.54
10/4/15,ad_group_13,24611.48
10/5/15,ad_group_13,24791.58
10/6/15,ad_group_13,27667.66
10/7/15,ad_group_13,20097.63
10/8/15,ad_group_13,21695.93
10/9/15,ad_group_13,21261.89
10/10/15,ad_group_13,28229.76
10/11/15,ad_group_13,26026.98
10/12/15,ad_group_13,25908.34
10/13/15,ad_group_13,24919.2
10/14/15,ad_group_13,23228.6
10/15/15,ad_group_13,24749.12
10/16/15,ad_group_13,0
10/17/15,ad_group_13,16822.71
10/18/15,ad_group_13,18283.08
10/19/15,ad_group_13,30829.44
10/20/15,ad_group_13,20280.45
10/21/15,ad_group_13,25747.2
10/22/15,ad_group_13,25931.87
10/23/15,ad_group_13,28376.46
10/24/15,ad_group_13,24307.36
10/25/15,ad_group_13,29009.2
10/26/15,ad_group_13,27975.21
10/27/15,ad_group_13,24813.63
10/28/15,ad_group_13,22603.45
10/29/15,ad_group_13,31691.4
10/30/15,ad_group_13,19774.4
10/31/15,ad_group_13,23220.09
11/1/15,ad_group_13,38203.2
11/2/15,ad_group_13,29199.48
11/3/15,ad_group_13,26496.59
11/4/15,ad_group_13,19077.07
11/5/15,ad_group_13,17355.8
11/6/15,ad_group_13,20743.38
11/7/15,ad_group_13,24712.16
11/8/15,ad_group_13,25221.1
11/9/15,ad_group_13,22036.64
11/10/15,ad_group_13,21775.65
11/11/15,ad_group_13,0
11/12/15,ad_group_13,24469.28
11/13/15,ad_group_13,24434.85
11/14/15,ad_group_13,23269.68
11/15/15,ad_group_13,28564.25
11/16/15,ad_group_13,18924.36
11/17/15,ad_group_13,23891.3
11/18/15,ad_group_13,27151.04
11/19/15,ad_group_13,22886.64
11/20/15,ad_group_13,23766.66
11/21/15,ad_group_13,22596.77
11/22/15,ad_group_13,24365.32
10/1/15,ad_group_14,216.37
10/2/15,ad_group_14,156.63
10/3/15,ad_group_14,189.24
10/4/15,ad_group_14,175.38
10/5/15,ad_group_14,140.58
10/6/15,ad_group_14,178.5
10/7/15,ad_group_14,145.39
10/8/15,ad_group_14,215.84
10/9/15,ad_group_14,226.4
10/10/15,ad_group_14,172.5
10/11/15,ad_group_14,178.5
10/12/15,ad_group_14,238.95
10/13/15,ad_group_14,166.6
10/14/15,ad_group_14,187.2
10/15/15,ad_group_14,189.8
10/16/15,ad_group_14,156.65
10/17/15,ad_group_14,182.88
10/18/15,ad_group_14,200.54
10/19/15,ad_group_14,156.4
10/20/15,ad_group_14,190.28
10/21/15,ad_group_14,188.86
10/22/15,ad_group_14,140.16
10/23/15,ad_group_14,263.76
10/24/15,ad_group_14,171.81
10/25/15,ad_group_14,182.88
10/26/15,ad_group_14,216.6
10/27/15,ad_group_14,128.71
10/28/15,ad_group_14,183.89
10/29/15,ad_group_14,189.57
10/30/15,ad_group_14,237.6
10/31/15,ad_group_14,180.34
11/1/15,ad_group_14,128.1
11/2/15,ad_group_14,132.68
11/3/15,ad_group_14,200.75
11/5/15,ad_group_14,155.44
11/6/15,ad_group_14,158.12
11/7/15,ad_group_14,207.94
11/8/15,ad_group_14,183.4
11/9/15,ad_group_14,206.36
11/10/15,ad_group_14,177.5
11/11/15,ad_group_14,114
11/12/15,ad_group_14,231.66
11/13/15,ad_group_14,226.98
11/14/15,ad_group_14,205.96
11/15/15,ad_group_14,163.2
11/16/15,ad_group_14,126
11/17/15,ad_group_14,211.5
11/18/15,ad_group_14,153.43
11/19/15,ad_group_14,102.6
11/20/15,ad_group_14,202.76
11/21/15,ad_group_14,163.48
11/22/15,ad_group_14,219.64
10/1/15,ad_group_15,264.06
10/2/15,ad_group_15,294.1
10/3/15,ad_group_15,188.94
10/4/15,ad_group_15,194.56
10/5/15,ad_group_15,251.16
10/6/15,ad_group_15,256.12
10/7/15,ad_group_15,265.98
10/8/15,ad_group_15,231.41
10/9/15,ad_group_15,327.25
10/10/15,ad_group_15,370.66
10/11/15,ad_group_15,427.7
10/12/15,ad_group_15,350.02
10/13/15,ad_group_15,383.11
10/14/15,ad_group_15,295.46
10/15/15,ad_group_15,312
10/16/15,ad_group_15,318.36
10/17/15,ad_group_15,280.54
10/18/15,ad_group_15,207.2
10/19/15,ad_group_15,230.4
10/20/15,ad_group_15,243.2
10/21/15,ad_group_15,254.28
10/22/15,ad_group_15,374.1
10/23/15,ad_group_15,197.88
10/24/15,ad_group_15,359.72
10/25/15,ad_group_15,350.61
10/26/15,ad_group_15,163.84
10/27/15,ad_group_15,259.91
10/28/15,ad_group_15,345.39
10/29/15,ad_group_15,272.24
10/30/15,ad_group_15,283.92
10/31/15,ad_group_15,365.2
11/1/15,ad_group_15,261.44
11/2/15,ad_group_15,242.72
11/3/15,ad_group_15,364.53
11/4/15,ad_group_15,273
11/5/15,ad_group_15,282.82
11/6/15,ad_group_15,348.48
11/7/15,ad_group_15,356.7
11/8/15,ad_group_15,219.64
11/9/15,ad_group_15,292.99
11/10/15,ad_group_15,288.12
11/11/15,ad_group_15,279.66
11/12/15,ad_group_15,231.77
11/13/15,ad_group_15,320
11/14/15,ad_group_15,357.76
11/15/15,ad_group_15,291.6
11/16/15,ad_group_15,260.26
11/17/15,ad_group_15,187.2
11/18/15,ad_group_15,302.95
11/19/15,ad_group_15,441.75
11/20/15,ad_group_15,326.19
11/21/15,ad_group_15,228.66
11/22/15,ad_group_15,251.1
10/1/15,ad_group_16,551.88
10/2/15,ad_group_16,633.08
10/3/15,ad_group_16,432.3
10/4/15,ad_group_16,516.6
10/5/15,ad_group_16,561.72
10/6/15,ad_group_16,517.8
10/7/15,ad_group_16,281.6
10/8/15,ad_group_16,282.48
10/9/15,ad_group_16,455.95
10/10/15,ad_group_16,467.6
10/11/15,ad_group_16,369.75
10/12/15,ad_group_16,839.25
10/13/15,ad_group_16,492.48
10/14/15,ad_group_16,425.59
10/15/15,ad_group_16,690.88
10/16/15,ad_group_16,497.06
10/17/15,ad_group_16,428.76
10/18/15,ad_group_16,378.04
10/19/15,ad_group_16,0
10/20/15,ad_group_16,545.34
10/21/15,ad_group_16,430.65
10/22/15,ad_group_16,371.79
10/23/15,ad_group_16,458.64
10/24/15,ad_group_16,436.15
10/25/15,ad_group_16,413.1
10/26/15,ad_group_16,447.85
10/27/15,ad_group_16,507.4
10/28/15,ad_group_16,572.88
10/29/15,ad_group_16,0
10/30/15,ad_group_16,409.32
10/31/15,ad_group_16,420.82
11/1/15,ad_group_16,454.16
11/2/15,ad_group_16,619.74
11/3/15,ad_group_16,385.31
11/4/15,ad_group_16,331.2
11/5/15,ad_group_16,481.44
11/6/15,ad_group_16,379.95
11/7/15,ad_group_16,527.4
11/8/15,ad_group_16,429.3
11/9/15,ad_group_16,682.44
11/10/15,ad_group_16,525.82
11/11/15,ad_group_16,366.5
11/12/15,ad_group_16,545.34
11/13/15,ad_group_16,389.02
11/14/15,ad_group_16,453.2
11/15/15,ad_group_16,384.8
11/16/15,ad_group_16,401.22
11/17/15,ad_group_16,524.51
11/18/15,ad_group_16,358
11/19/15,ad_group_16,352.5
11/20/15,ad_group_16,330.5
11/21/15,ad_group_16,505.63
11/22/15,ad_group_16,568.54
10/1/15,ad_group_17,378
10/2/15,ad_group_17,467.6
10/3/15,ad_group_17,442.8
10/4/15,ad_group_17,384.93
10/5/15,ad_group_17,405.08
10/6/15,ad_group_17,465.69
10/7/15,ad_group_17,518.65
10/8/15,ad_group_17,422.94
10/9/15,ad_group_17,447.6
10/10/15,ad_group_17,513.04
10/11/15,ad_group_17,488
10/12/15,ad_group_17,425.2
10/13/15,ad_group_17,428.8
10/14/15,ad_group_17,398.16
10/15/15,ad_group_17,439.6
10/16/15,ad_group_17,585.64
10/17/15,ad_group_17,422.94
10/18/15,ad_group_17,471.2
10/19/15,ad_group_17,501.6
10/20/15,ad_group_17,472.4
10/21/15,ad_group_17,503.48
10/22/15,ad_group_17,482.48
10/23/15,ad_group_17,451.44
10/24/15,ad_group_17,402.48
10/25/15,ad_group_17,486.02
10/26/15,ad_group_17,539.22
10/27/15,ad_group_17,506.8
10/28/15,ad_group_17,641.96
10/29/15,ad_group_17,473.6
10/30/15,ad_group_17,623.93
10/31/15,ad_group_17,471.2
11/1/15,ad_group_17,433.2
11/2/15,ad_group_17,507.6
11/3/15,ad_group_17,419.21
11/4/15,ad_group_17,502.32
11/5/15,ad_group_17,523.38
11/6/15,ad_group_17,509.34
11/7/15,ad_group_17,527.67
11/8/15,ad_group_17,498.94
11/9/15,ad_group_17,429.02
11/10/15,ad_group_17,560.28
11/11/15,ad_group_17,492.1
11/12/15,ad_group_17,471.2
11/13/15,ad_group_17,517.92
11/14/15,ad_group_17,544.89
11/15/15,ad_group_17,611.1
11/16/15,ad_group_17,567.6
11/17/15,ad_group_17,781.44
11/18/15,ad_group_17,470.82
11/19/15,ad_group_17,494.38
11/20/15,ad_group_17,364.08
11/21/15,ad_group_17,468.16
11/22/15,ad_group_17,556.37
10/1/15,ad_group_18,13836.17
10/2/15,ad_group_18,11154
10/3/15,ad_group_18,16675.2
10/4/15,ad_group_18,21188.56
10/5/15,ad_group_18,18566.78
10/6/15,ad_group_18,16336.6
10/7/15,ad_group_18,16826.6
10/8/15,ad_group_18,19869
10/10/15,ad_group_18,18218
10/11/15,ad_group_18,12421.2
10/12/15,ad_group_18,15334.56
10/13/15,ad_group_18,18404.9
10/14/15,ad_group_18,22556.1
10/15/15,ad_group_18,20756.1
10/16/15,ad_group_18,15453.68
10/17/15,ad_group_18,20160
10/18/15,ad_group_18,17068.92
10/19/15,ad_group_18,15915.69
10/20/15,ad_group_18,20973.6
10/21/15,ad_group_18,15216.25
10/22/15,ad_group_18,19077.52
10/23/15,ad_group_18,18083.05
10/24/15,ad_group_18,16493.88
10/25/15,ad_group_18,17378.46
10/26/15,ad_group_18,17287.68
10/27/15,ad_group_18,15912.5
10/28/15,ad_group_18,12993.1
10/29/15,ad_group_18,17794.53
10/30/15,ad_group_18,12559.68
10/31/15,ad_group_18,13445.24
11/1/15,ad_group_18,20306.44
11/2/15,ad_group_18,17539.86
11/3/15,ad_group_18,20543.85
11/4/15,ad_group_18,18845.65
11/5/15,ad_group_18,24154.6
11/6/15,ad_group_18,19337.76
11/7/15,ad_group_18,22355.4
11/8/15,ad_group_18,20254.78
11/9/15,ad_group_18,18303.1
11/10/15,ad_group_18,16343.04
11/11/15,ad_group_18,23641.02
11/12/15,ad_group_18,20871.42
11/13/15,ad_group_18,22805.44
11/14/15,ad_group_18,18318.8
11/15/15,ad_group_18,17031.26
11/16/15,ad_group_18,20009.66
11/17/15,ad_group_18,16458.12
11/18/15,ad_group_18,15898.84
11/19/15,ad_group_18,13877.27
11/20/15,ad_group_18,15119.28
11/21/15,ad_group_18,19240.65
11/22/15,ad_group_18,14325.22
10/1/15,ad_group_19,4407.48
10/2/15,ad_group_19,3947.96
10/3/15,ad_group_19,3498.75
10/4/15,ad_group_19,2623.05
10/5/15,ad_group_19,3429.74
10/6/15,ad_group_19,4362.54
10/7/15,ad_group_19,3154.36
10/8/15,ad_group_19,3639.3
10/9/15,ad_group_19,3252.18
10/10/15,ad_group_19,4710.56
10/11/15,ad_group_19,3284.42
10/12/15,ad_group_19,6336
10/13/15,ad_group_19,5712.12
10/14/15,ad_group_19,3769.5
10/15/15,ad_group_19,3259.92
10/16/15,ad_group_19,5007.8
10/17/15,ad_group_19,5340
10/18/15,ad_group_19,4305.84
10/19/15,ad_group_19,4875.6
10/20/15,ad_group_19,4372.02
10/21/15,ad_group_19,5525.52
10/22/15,ad_group_19,5398.96
10/23/15,ad_group_19,4888.4
10/24/15,ad_group_19,4483.71
10/25/15,ad_group_19,3525.12
10/26/15,ad_group_19,4045.4
10/27/15,ad_group_19,3920.52
10/28/15,ad_group_19,4286.88
10/29/15,ad_group_19,4789.56
10/30/15,ad_group_19,2507.96
10/31/15,ad_group_19,5429
11/1/15,ad_group_19,3753.9
11/2/15,ad_group_19,4949.91
11/3/15,ad_group_19,4147.1
11/4/15,ad_group_19,4975.98
11/5/15,ad_group_19,5205.52
11/6/15,ad_group_19,4742.88
11/7/15,ad_group_19,3856.14
11/8/15,ad_group_19,5075.85
11/9/15,ad_group_19,4354.74
11/10/15,ad_group_19,5734.6
11/11/15,ad_group_19,4629.71
11/12/15,ad_group_19,4078.49
11/13/15,ad_group_19,3786.66
11/14/15,ad_group_19,2296.53
11/15/15,ad_group_19,2958.72
11/16/15,ad_group_19,3891.3
11/17/15,ad_group_19,3131.16
11/18/15,ad_group_19,4288.68
11/19/15,ad_group_19,0
11/20/15,ad_group_19,3678.66
11/21/15,ad_group_19,3945.25
11/22/15,ad_group_19,2409.39
10/1/15,ad_group_20,12277.65
10/2/15,ad_group_20,0
10/3/15,ad_group_20,13147.84
10/4/15,ad_group_20,12522.4
10/5/15,ad_group_20,13131.44
10/6/15,ad_group_20,18324.81
10/7/15,ad_group_20,12621.96
10/8/15,ad_group_20,12589.5
10/9/15,ad_group_20,15800.44
10/10/15,ad_group_20,13116.72
10/11/15,ad_group_20,15590.61
10/12/15,ad_group_20,12975.68
10/13/15,ad_group_20,14475.6
10/14/15,ad_group_20,12160.4
10/15/15,ad_group_20,13725.23
10/16/15,ad_group_20,14304.16
10/17/15,ad_group_20,15173.4
10/18/15,ad_group_20,12500.25
10/19/15,ad_group_20,12979.51
10/20/15,ad_group_20,13340
10/21/15,ad_group_20,16184.75
10/22/15,ad_group_20,11826.36
10/23/15,ad_group_20,12526.28
10/24/15,ad_group_20,15234.75
10/25/15,ad_group_20,14551.11
10/26/15,ad_group_20,13743.54
10/27/15,ad_group_20,13693.68
10/28/15,ad_group_20,15300.78
10/29/15,ad_group_20,13516.1
10/30/15,ad_group_20,13713.52
10/31/15,ad_group_20,14664.95
11/1/15,ad_group_20,13355.19
11/2/15,ad_group_20,14945.28
11/3/15,ad_group_20,11255.7
11/4/15,ad_group_20,13289.46
11/5/15,ad_group_20,14302.35
11/6/15,ad_group_20,11077.2
11/7/15,ad_group_20,12173.42
11/8/15,ad_group_20,12747.28
11/9/15,ad_group_20,15257.88
11/10/15,ad_group_20,17428.59
11/11/15,ad_group_20,12760.48
11/12/15,ad_group_20,13106.4
11/13/15,ad_group_20,12327.24
11/14/15,ad_group_20,14931.15
11/15/15,ad_group_20,15468.64
11/16/15,ad_group_20,11100.49
11/17/15,ad_group_20,13078.78
11/19/15,ad_group_20,17917
11/20/15,ad_group_20,12129.81
11/21/15,ad_group_20,14330.73
11/22/15,ad_group_20,14054.92
10/1/15,ad_group_21,179.4
10/2/15,ad_group_21,0
10/3/15,ad_group_21,369.6
10/4/15,ad_group_21,296.45
10/5/15,ad_group_21,241.68
10/6/15,ad_group_21,385.12
10/7/15,ad_group_21,241.92
10/8/15,ad_group_21,276.66
10/9/15,ad_group_21,295.39
10/10/15,ad_group_21,268.32
10/11/15,ad_group_21,289.17
10/12/15,ad_group_21,286.35
10/13/15,ad_group_21,259.7
10/14/15,ad_group_21,311.25
10/15/15,ad_group_21,301.74
10/16/15,ad_group_21,273.6
10/17/15,ad_group_21,291.03
10/18/15,ad_group_21,280.8
10/19/15,ad_group_21,326.35
10/20/15,ad_group_21,271.44
10/21/15,ad_group_21,257.58
10/22/15,ad_group_21,245
10/23/15,ad_group_21,315.84
10/24/15,ad_group_21,361.62
10/25/15,ad_group_21,265.68
10/26/15,ad_group_21,194.48
10/27/15,ad_group_21,241.82
10/28/15,ad_group_21,334.39
10/29/15,ad_group_21,270.22
10/30/15,ad_group_21,290.4
10/31/15,ad_group_21,335.16
11/1/15,ad_group_21,291.6
11/2/15,ad_group_21,352.64
11/3/15,ad_group_21,257.58
11/4/15,ad_group_21,249.48
11/5/15,ad_group_21,0
11/6/15,ad_group_21,272.61
11/7/15,ad_group_21,229.32
11/8/15,ad_group_21,326.57
11/9/15,ad_group_21,332.28
11/10/15,ad_group_21,233.1
11/11/15,ad_group_21,225.75
11/12/15,ad_group_21,285.58
11/13/15,ad_group_21,424.32
11/14/15,ad_group_21,281.6
11/15/15,ad_group_21,313.95
11/16/15,ad_group_21,223.6
11/17/15,ad_group_21,324.3
11/18/15,ad_group_21,275.6
11/19/15,ad_group_21,314.28
11/20/15,ad_group_21,227.52
11/21/15,ad_group_21,296.94
11/22/15,ad_group_21,255.38
10/1/15,ad_group_22,512.25
10/2/15,ad_group_22,790.32
10/3/15,ad_group_22,677.32
10/4/15,ad_group_22,709.05
10/5/15,ad_group_22,566.72
10/6/15,ad_group_22,551.3
10/7/15,ad_group_22,644.08
10/8/15,ad_group_22,722.4
10/9/15,ad_group_22,787.95
10/10/15,ad_group_22,853.2
10/11/15,ad_group_22,770.56
10/12/15,ad_group_22,567.94
10/13/15,ad_group_22,614.84
10/14/15,ad_group_22,677.6
10/15/15,ad_group_22,486.42
10/16/15,ad_group_22,731.54
10/17/15,ad_group_22,597.87
10/18/15,ad_group_22,847.28
10/19/15,ad_group_22,748.8
10/20/15,ad_group_22,681.77
10/21/15,ad_group_22,716.8
10/22/15,ad_group_22,890.01
10/23/15,ad_group_22,691.08
10/24/15,ad_group_22,789.6
10/25/15,ad_group_22,828.75
10/26/15,ad_group_22,616.12
10/27/15,ad_group_22,643.86
10/28/15,ad_group_22,703.2
10/29/15,ad_group_22,882.3
10/30/15,ad_group_22,952.2
10/31/15,ad_group_22,518.19
11/1/15,ad_group_22,706.68
11/2/15,ad_group_22,877.54
11/3/15,ad_group_22,871.92
11/4/15,ad_group_22,630.72
11/5/15,ad_group_22,663
11/6/15,ad_group_22,501.83
11/7/15,ad_group_22,939.12
11/8/15,ad_group_22,729.6
11/9/15,ad_group_22,555.22
11/10/15,ad_group_22,780.8
11/11/15,ad_group_22,829.17
11/12/15,ad_group_22,641.67
11/13/15,ad_group_22,887.04
11/14/15,ad_group_22,834.2
11/15/15,ad_group_22,639.92
11/16/15,ad_group_22,914.03
11/17/15,ad_group_22,858.5
11/18/15,ad_group_22,814.26
11/19/15,ad_group_22,845.38
11/20/15,ad_group_22,850.92
11/21/15,ad_group_22,427
11/22/15,ad_group_22,785.56
10/1/15,ad_group_23,2997.8
10/2/15,ad_group_23,2466.16
10/3/15,ad_group_23,2816.98
10/4/15,ad_group_23,2774.53
10/5/15,ad_group_23,2983.44
10/6/15,ad_group_23,2461.2
10/7/15,ad_group_23,1377.72
10/8/15,ad_group_23,1690.56
10/9/15,ad_group_23,3472.18
10/10/15,ad_group_23,1904.86
10/11/15,ad_group_23,2014.5
10/12/15,ad_group_23,1659.12
10/13/15,ad_group_23,2962.8
10/14/15,ad_group_23,0
10/15/15,ad_group_23,2042.62
10/16/15,ad_group_23,2405.16
10/17/15,ad_group_23,3030
10/18/15,ad_group_23,2574.14
10/19/15,ad_group_23,1742.12
10/20/15,ad_group_23,1714.92
10/21/15,ad_group_23,2995.05
10/22/15,ad_group_23,3090.08
10/23/15,ad_group_23,1890.42
10/24/15,ad_group_23,2826.25
10/25/15,ad_group_23,1694.56
10/26/15,ad_group_23,3201.69
10/27/15,ad_group_23,1891.5
10/28/15,ad_group_23,1592.1
10/29/15,ad_group_23,3228.75
10/30/15,ad_group_23,3283.75
10/31/15,ad_group_23,2513.16
11/1/15,ad_group_23,3008.4
11/2/15,ad_group_23,3595.22
11/3/15,ad_group_23,3252.52
11/4/15,ad_group_23,2979.5
11/5/15,ad_group_23,3396.03
11/6/15,ad_group_23,2697.75
11/7/15,ad_group_23,2400.2
11/8/15,ad_group_23,2583.84
11/9/15,ad_group_23,2955.96
11/10/15,ad_group_23,1719.57
11/11/15,ad_group_23,2060.4
11/12/15,ad_group_23,1912.35
11/13/15,ad_group_23,2327.85
11/14/15,ad_group_23,2661.78
11/15/15,ad_group_23,2418.71
11/16/15,ad_group_23,2434.32
11/17/15,ad_group_23,2952
11/18/15,ad_group_23,1520.1
11/19/15,ad_group_23,0
11/20/15,ad_group_23,2571.52
11/21/15,ad_group_23,2663.41
11/22/15,ad_group_23,3330.78
10/1/15,ad_group_24,1361.75
10/2/15,ad_group_24,983.71
10/4/15,ad_group_24,917.6
10/5/15,ad_group_24,814.68
10/6/15,ad_group_24,1132.83
10/7/15,ad_group_24,1128.8
10/8/15,ad_group_24,1108.88
10/9/15,ad_group_24,1349.84
10/10/15,ad_group_24,1017.38
10/11/15,ad_group_24,960.91
10/12/15,ad_group_24,1472.4
10/13/15,ad_group_24,982.26
10/14/15,ad_group_24,1129.92
10/15/15,ad_group_24,1016.16
10/16/15,ad_group_24,1142.45
10/17/15,ad_group_24,1038.45
10/18/15,ad_group_24,1320.88
10/19/15,ad_group_24,1267.2
10/20/15,ad_group_24,1221.09
10/21/15,ad_group_24,1221.2
10/22/15,ad_group_24,973.5
10/23/15,ad_group_24,1107.72
10/24/15,ad_group_24,1065.6
10/25/15,ad_group_24,1014.22
10/26/15,ad_group_24,982.62
10/27/15,ad_group_24,1432
10/28/15,ad_group_24,939.64
10/29/15,ad_group_24,1356.6
10/30/15,ad_group_24,1414.1
10/31/15,ad_group_24,1376.16
11/1/15,ad_group_24,834.6
11/2/15,ad_group_24,1274.48
11/3/15,ad_group_24,1010.24
11/4/15,ad_group_24,1025.38
11/5/15,ad_group_24,1179.2
11/6/15,ad_group_24,1357.2
11/7/15,ad_group_24,1214.4
11/8/15,ad_group_24,1233.96
11/9/15,ad_group_24,1003.92
11/10/15,ad_group_24,825.46
11/11/15,ad_group_24,1315.44
11/12/15,ad_group_24,1079.7
11/13/15,ad_group_24,1200.62
11/14/15,ad_group_24,806
11/15/15,ad_group_24,1287.59
11/16/15,ad_group_24,1150.1
11/17/15,ad_group_24,750.88
11/18/15,ad_group_24,1215.5
11/19/15,ad_group_24,1179.52
11/20/15,ad_group_24,1117.85
11/21/15,ad_group_24,1183.78
11/22/15,ad_group_24,1044.48
10/1/15,ad_group_25,444.96
10/2/15,ad_group_25,420.75
10/3/15,ad_group_25,529.83
10/4/15,ad_group_25,310.2
10/5/15,ad_group_25,314.24
10/6/15,ad_group_25,374.44
10/7/15,ad_group_25,0
10/8/15,ad_group_25,455.6
10/9/15,ad_group_25,447.81
10/10/15,ad_group_25,319.15
10/11/15,ad_group_25,523.38
10/12/15,ad_group_25,585
10/13/15,ad_group_25,354.02
10/14/15,ad_group_25,501.51
10/15/15,ad_group_25,444.04
10/16/15,ad_group_25,466.7
10/17/15,ad_group_25,388.05
10/18/15,ad_group_25,411.84
10/19/15,ad_group_25,573.48
10/20/15,ad_group_25,308.1
10/21/15,ad_group_25,443.84
10/22/15,ad_group_25,498.76
10/23/15,ad_group_25,320.64
10/24/15,ad_group_25,487.2
10/25/15,ad_group_25,406.5
10/26/15,ad_group_25,343.42
10/27/15,ad_group_25,627.9
10/28/15,ad_group_25,281.05
10/29/15,ad_group_25,570.18
10/30/15,ad_group_25,588.2
10/31/15,ad_group_25,541.2
11/1/15,ad_group_25,406.25
11/2/15,ad_group_25,460.08
11/3/15,ad_group_25,538.74
11/4/15,ad_group_25,487.92
11/5/15,ad_group_25,377
11/6/15,ad_group_25,456.58
11/7/15,ad_group_25,418
11/8/15,ad_group_25,457.38
11/9/15,ad_group_25,442
11/10/15,ad_group_25,497.71
11/11/15,ad_group_25,421.6
11/12/15,ad_group_25,586.18
11/13/15,ad_group_25,476.16
11/14/15,ad_group_25,484.93
11/15/15,ad_group_25,459.2
11/16/15,ad_group_25,412.76
11/17/15,ad_group_25,513
11/18/15,ad_group_25,415.1
11/19/15,ad_group_25,476.64
11/20/15,ad_group_25,435.08
11/21/15,ad_group_25,395.56
11/22/15,ad_group_25,422.1
10/1/15,ad_group_26,16390.72
10/2/15,ad_group_26,11762.49
10/3/15,ad_group_26,8733.69
10/4/15,ad_group_26,18025.6
10/5/15,ad_group_26,8591.94
10/6/15,ad_group_26,7891.2
10/7/15,ad_group_26,14306.2
10/8/15,ad_group_26,12624.13
10/9/15,ad_group_26,11332.4
10/10/15,ad_group_26,13628.85
10/11/15,ad_group_26,14059.46
10/12/15,ad_group_26,13736.35
10/13/15,ad_group_26,9845.01
10/14/15,ad_group_26,17282.16
10/15/15,ad_group_26,16019.95
10/16/15,ad_group_26,13378.09
10/17/15,ad_group_26,16888.41
10/18/15,ad_group_26,14816.56
10/19/15,ad_group_26,18077.4
10/20/15,ad_group_26,14226.68
10/21/15,ad_group_26,17675.32
10/22/15,ad_group_26,18230
10/23/15,ad_group_26,21889.49
10/24/15,ad_group_26,12986.4
10/25/15,ad_group_26,14875.84
10/26/15,ad_group_26,13284.04
10/27/15,ad_group_26,17457.3
10/28/15,ad_group_26,18952.5
10/29/15,ad_group_26,13628.85
10/30/15,ad_group_26,17003.8
10/31/15,ad_group_26,12548.43
11/1/15,ad_group_26,13750.87
11/2/15,ad_group_26,11540.01
11/3/15,ad_group_26,17403.98
11/4/15,ad_group_26,23330.6
11/5/15,ad_group_26,11582
11/6/15,ad_group_26,16530
11/7/15,ad_group_26,17896.8
11/8/15,ad_group_26,13970.67
11/9/15,ad_group_26,14140.83
11/10/15,ad_group_26,13714.4
11/11/15,ad_group_26,15351.3
11/12/15,ad_group_26,17293.26
11/13/15,ad_group_26,14943.23
11/14/15,ad_group_26,11602.5
11/15/15,ad_group_26,16364.33
11/16/15,ad_group_26,14977.41
11/17/15,ad_group_26,19502.4
11/18/15,ad_group_26,16005.68
11/19/15,ad_group_26,11782.12
11/20/15,ad_group_26,15297.3
11/21/15,ad_group_26,16648.56
11/22/15,ad_group_26,11851.14
10/1/15,ad_group_27,193.05
10/2/15,ad_group_27,192.66
10/3/15,ad_group_27,162.43
10/4/15,ad_group_27,209.05
10/5/15,ad_group_27,202.02
10/6/15,ad_group_27,267.54
10/7/15,ad_group_27,248
10/8/15,ad_group_27,202.92
10/9/15,ad_group_27,230.49
10/10/15,ad_group_27,197.34
10/11/15,ad_group_27,198.22
10/12/15,ad_group_27,190.55
10/13/15,ad_group_27,209.79
10/14/15,ad_group_27,211.64
10/15/15,ad_group_27,254.61
10/16/15,ad_group_27,229.6
10/17/15,ad_group_27,187.92
10/18/15,ad_group_27,251.94
10/19/15,ad_group_27,176.4
10/20/15,ad_group_27,190.4
10/21/15,ad_group_27,254.61
10/22/15,ad_group_27,232
10/23/15,ad_group_27,211.77
10/24/15,ad_group_27,179.2
10/25/15,ad_group_27,199.06
10/26/15,ad_group_27,171.31
10/27/15,ad_group_27,234.11
10/28/15,ad_group_27,275.1
10/29/15,ad_group_27,222.4
10/30/15,ad_group_27,199.8
10/31/15,ad_group_27,181.6
11/1/15,ad_group_27,210.24
11/2/15,ad_group_27,237.2
11/3/15,ad_group_27,233.1
11/4/15,ad_group_27,224.8
11/5/15,ad_group_27,202.39
11/6/15,ad_group_27,178.16
11/7/15,ad_group_27,170.45
11/8/15,ad_group_27,193.83
11/9/15,ad_group_27,143.82
11/10/15,ad_group_27,165.2
11/11/15,ad_group_27,228.54
11/12/15,ad_group_27,206.09
11/13/15,ad_group_27,174.24
11/14/15,ad_group_27,181.08
11/15/15,ad_group_27,197.34
11/16/15,ad_group_27,168.48
11/17/15,ad_group_27,214.62
11/18/15,ad_group_27,210.8
11/19/15,ad_group_27,223.44
11/20/15,ad_group_27,190.38
11/21/15,ad_group_27,164.22
11/22/15,ad_group_27,204.24
10/1/15,ad_group_28,3532.45
10/2/15,ad_group_28,3268.36
10/3/15,ad_group_28,3582.8
10/4/15,ad_group_28,2840.17
10/5/15,ad_group_28,3430.42
10/6/15,ad_group_28,2918.16
10/7/15,ad_group_28,3335.4
10/8/15,ad_group_28,4165.85
10/9/15,ad_group_28,3623.54
10/10/15,ad_group_28,3556.75
10/11/15,ad_group_28,4496.87
10/12/15,ad_group_28,2312.4
10/13/15,ad_group_28,3644
10/14/15,ad_group_28,3554.14
10/15/15,ad_group_28,3970.85
10/16/15,ad_group_28,3141.6
10/17/15,ad_group_28,3912.48
10/18/15,ad_group_28,5122.1
10/19/15,ad_group_28,2445.24
10/20/15,ad_group_28,3751.14
10/21/15,ad_group_28,3887.1
10/22/15,ad_group_28,3348.55
10/23/15,ad_group_28,3781.06
10/24/15,ad_group_28,2939.3
10/25/15,ad_group_28,2745.51
10/26/15,ad_group_28,2888.76
10/27/15,ad_group_28,2940.56
10/28/15,ad_group_28,3678.3
10/29/15,ad_group_28,3629.76
10/30/15,ad_group_28,3426.54
10/31/15,ad_group_28,3895.76
11/1/15,ad_group_28,4599.01
11/2/15,ad_group_28,3549.56
11/3/15,ad_group_28,4051.44
11/4/15,ad_group_28,3567.96
11/5/15,ad_group_28,3179.04
11/6/15,ad_group_28,3125.87
11/7/15,ad_group_28,2606.56
11/8/15,ad_group_28,2684.92
11/9/15,ad_group_28,3287
11/10/15,ad_group_28,3492.2
11/11/15,ad_group_28,2837.32
11/12/15,ad_group_28,3442.56
11/13/15,ad_group_28,3517.8
11/14/15,ad_group_28,3242.88
11/15/15,ad_group_28,3625.38
11/16/15,ad_group_28,3406.45
11/17/15,ad_group_28,3596.76
11/18/15,ad_group_28,4902.16
11/19/15,ad_group_28,4143.3
11/20/15,ad_group_28,3988.2
11/21/15,ad_group_28,3430.36
11/22/15,ad_group_28,3905.72
10/1/15,ad_group_29,1903.5
10/2/15,ad_group_29,2440.17
10/3/15,ad_group_29,2423.75
10/4/15,ad_group_29,2413.25
10/5/15,ad_group_29,1627.14
10/6/15,ad_group_29,2602.36
10/7/15,ad_group_29,1977.28
10/8/15,ad_group_29,2031.26
10/9/15,ad_group_29,2170.8
10/10/15,ad_group_29,1425.2
10/11/15,ad_group_29,2140.94
10/12/15,ad_group_29,2368.1
10/13/15,ad_group_29,2293.33
10/14/15,ad_group_29,2322
10/15/15,ad_group_29,2708.48
10/16/15,ad_group_29,2351.07
10/17/15,ad_group_29,2847.15
10/18/15,ad_group_29,1760.66
10/19/15,ad_group_29,3073.28
10/20/15,ad_group_29,1845.22
10/21/15,ad_group_29,1741.96
10/22/15,ad_group_29,1927.96
10/23/15,ad_group_29,1731.66
10/24/15,ad_group_29,2131.92
10/25/15,ad_group_29,2542.14
10/26/15,ad_group_29,1639.05
10/27/15,ad_group_29,1644.37
10/28/15,ad_group_29,2906.54
10/29/15,ad_group_29,1498.64
10/30/15,ad_group_29,1885.99
10/31/15,ad_group_29,2232.7
11/1/15,ad_group_29,2450
11/2/15,ad_group_29,2256.64
11/3/15,ad_group_29,2483.31
11/4/15,ad_group_29,2828.08
11/5/15,ad_group_29,1548.46
11/6/15,ad_group_29,2258.28
11/7/15,ad_group_29,2618.98
11/8/15,ad_group_29,1954.68
11/9/15,ad_group_29,2853.76
11/10/15,ad_group_29,2229.36
11/11/15,ad_group_29,1912.56
11/12/15,ad_group_29,1990.76
11/13/15,ad_group_29,2825.52
11/14/15,ad_group_29,2164.8
11/15/15,ad_group_29,2338
11/16/15,ad_group_29,2363.18
11/17/15,ad_group_29,1731.3
11/18/15,ad_group_29,1902.32
11/19/15,ad_group_29,2395.38
11/20/15,ad_group_29,1624.48
11/21/15,ad_group_29,2108.7
11/22/15,ad_group_29,1334.52
10/1/15,ad_group_30,1280.75
10/2/15,ad_group_30,1144.9
10/3/15,ad_group_30,1196.16
10/4/15,ad_group_30,1186.75
10/5/15,ad_group_30,1374.02
10/6/15,ad_group_30,1709.7
10/7/15,ad_group_30,1223.22
10/8/15,ad_group_30,1563.68
10/9/15,ad_group_30,1177.58
10/10/15,ad_group_30,1474.99
10/11/15,ad_group_30,1681.3
10/12/15,ad_group_30,1923.72
10/13/15,ad_group_30,1729.2
10/14/15,ad_group_30,1347.13
10/15/15,ad_group_30,1666.92
10/16/15,ad_group_30,1407.68
10/17/15,ad_group_30,1445.52
10/18/15,ad_group_30,1308
10/19/15,ad_group_30,1623.68
10/20/15,ad_group_30,1295.84
10/21/15,ad_group_30,1328.58
10/22/15,ad_group_30,1426.88
10/23/15,ad_group_30,1496.88
10/24/15,ad_group_30,1810
10/25/15,ad_group_30,1567.66
10/26/15,ad_group_30,1309.1
10/27/15,ad_group_30,1218.06
10/28/15,ad_group_30,1340.68
10/29/15,ad_group_30,1332.27
10/30/15,ad_group_30,1491.56
10/31/15,ad_group_30,1384.3
11/1/15,ad_group_30,1191.84
11/2/15,ad_group_30,1651.68
11/3/15,ad_group_30,1087.8
11/4/15,ad_group_30,1244.16
11/5/15,ad_group_30,1181.41
11/6/15,ad_group_30,1092.42
11/7/15,ad_group_30,1272.32
11/8/15,ad_group_30,910.86
11/9/15,ad_group_30,1270.92
11/10/15,ad_group_30,1201.76
11/11/15,ad_group_30,1511.01
11/12/15,ad_group_30,1395.36
11/13/15,ad_group_30,1492.21
11/14/15,ad_group_30,1338.66
11/15/15,ad_group_30,1370.69
11/16/15,ad_group_30,1043.4
11/17/15,ad_group_30,1610.08
11/18/15,ad_group_30,1586.19
11/19/15,ad_group_30,1733.83
11/20/15,ad_group_30,1312.5
11/21/15,ad_group_30,1521.92
11/22/15,ad_group_30,1532.7
10/1/15,ad_group_31,68.51
10/2/15,ad_group_31,83.16
10/3/15,ad_group_31,136.51
10/4/15,ad_group_31,81.34
10/5/15,ad_group_31,86.52
10/6/15,ad_group_31,89.4
10/7/15,ad_group_31,106.4
10/8/15,ad_group_31,87.5
10/9/15,ad_group_31,94.78
10/10/15,ad_group_31,88.62
10/11/15,ad_group_31,120.8
10/12/15,ad_group_31,94.5
10/13/15,ad_group_31,112.65
10/14/15,ad_group_31,95.06
10/15/15,ad_group_31,138.08
10/16/15,ad_group_31,96.3
10/17/15,ad_group_31,123.2
10/18/15,ad_group_31,114.75
10/19/15,ad_group_31,93.38
10/20/15,ad_group_31,107.4
10/21/15,ad_group_31,129.28
10/22/15,ad_group_31,103.2
10/23/15,ad_group_31,86.66
10/24/15,ad_group_31,84
10/25/15,ad_group_31,109.5
10/26/15,ad_group_31,99.15
10/27/15,ad_group_31,71.37
10/28/15,ad_group_31,76.44
10/29/15,ad_group_31,112.32
10/30/15,ad_group_31,76.57
10/31/15,ad_group_31,141.78
11/1/15,ad_group_31,84.76
11/2/15,ad_group_31,97.95
11/3/15,ad_group_31,73.58
11/4/15,ad_group_31,100.5
11/5/15,ad_group_31,99.6
11/6/15,ad_group_31,62.66
11/7/15,ad_group_31,111.75
11/8/15,ad_group_31,98.25
11/9/15,ad_group_31,74.23
11/10/15,ad_group_31,134.08
11/11/15,ad_group_31,143.48
11/12/15,ad_group_31,91.56
11/13/15,ad_group_31,93.52
11/14/15,ad_group_31,106.95
11/15/15,ad_group_31,92.54
11/16/15,ad_group_31,107.1
11/17/15,ad_group_31,125.97
11/18/15,ad_group_31,124.48
11/19/15,ad_group_31,94.78
11/20/15,ad_group_31,94.22
11/21/15,ad_group_31,112.8
11/22/15,ad_group_31,118.24
10/1/15,ad_group_32,3825.36
10/2/15,ad_group_32,5043.44
10/3/15,ad_group_32,4510.1
10/4/15,ad_group_32,4287.36
10/5/15,ad_group_32,4059
10/6/15,ad_group_32,4810.84
10/7/15,ad_group_32,8349.12
10/8/15,ad_group_32,6316.8
10/9/15,ad_group_32,4944.24
10/10/15,ad_group_32,6018.87
10/11/15,ad_group_32,8376.2
10/12/15,ad_group_32,2897.08
10/13/15,ad_group_32,9922.22
10/14/15,ad_group_32,6733.5
10/15/15,ad_group_32,6586.3
10/16/15,ad_group_32,7965.3
10/17/15,ad_group_32,5779.05
10/18/15,ad_group_32,4096.5
10/19/15,ad_group_32,6008.8
10/20/15,ad_group_32,2995.98
10/21/15,ad_group_32,6642.62
10/22/15,ad_group_32,8447.35
10/23/15,ad_group_32,7854.07
10/24/15,ad_group_32,6172.74
10/25/15,ad_group_32,7810.11
10/26/15,ad_group_32,6875.45
10/27/15,ad_group_32,6559.74
10/28/15,ad_group_32,7647.31
10/29/15,ad_group_32,10101.28
10/30/15,ad_group_32,6995.34
10/31/15,ad_group_32,6879.6
11/1/15,ad_group_32,6982.06
11/2/15,ad_group_32,6945.1
11/3/15,ad_group_32,8610.75
11/4/15,ad_group_32,8549.76
11/5/15,ad_group_32,7814.25
11/6/15,ad_group_32,4974.2
11/7/15,ad_group_32,5704
11/8/15,ad_group_32,5645.39
11/9/15,ad_group_32,8850.6
11/10/15,ad_group_32,6137.82
11/11/15,ad_group_32,8786.25
11/12/15,ad_group_32,5799.24
11/13/15,ad_group_32,6445.44
11/14/15,ad_group_32,8164.8
11/15/15,ad_group_32,6493.44
11/16/15,ad_group_32,6799.39
11/17/15,ad_group_32,8983.44
11/18/15,ad_group_32,5361.24
11/19/15,ad_group_32,7783.2
11/20/15,ad_group_32,7407.47
11/21/15,ad_group_32,7293.35
11/22/15,ad_group_32,6900.91
10/1/15,ad_group_33,604.44
10/2/15,ad_group_33,752.64
10/3/15,ad_group_33,760.92
10/4/15,ad_group_33,639.84
10/5/15,ad_group_33,831.21
10/6/15,ad_group_33,930.86
10/7/15,ad_group_33,745.38
10/8/15,ad_group_33,568.26
10/9/15,ad_group_33,858
10/10/15,ad_group_33,882.71
10/11/15,ad_group_33,684.48
10/12/15,ad_group_33,459.04
10/13/15,ad_group_33,584.64
10/14/15,ad_group_33,778.14
10/15/15,ad_group_33,594
10/16/15,ad_group_33,488.95
10/17/15,ad_group_33,878.8
10/18/15,ad_group_33,824
10/19/15,ad_group_33,849.41
10/20/15,ad_group_33,626.52
10/21/15,ad_group_33,542.02
10/22/15,ad_group_33,737.55
10/23/15,ad_group_33,767.34
10/24/15,ad_group_33,464.88
10/25/15,ad_group_33,615.6
10/26/15,ad_group_33,726.75
10/27/15,ad_group_33,499.2
10/28/15,ad_group_33,542.02
10/29/15,ad_group_33,812.04
10/30/15,ad_group_33,826.8
10/31/15,ad_group_33,499.98
11/1/15,ad_group_33,459.42
11/2/15,ad_group_33,847.62
11/3/15,ad_group_33,850.42
11/4/15,ad_group_33,768.24
11/5/15,ad_group_33,527.52
11/6/15,ad_group_33,809.48
11/7/15,ad_group_33,485.94
11/8/15,ad_group_33,833
11/9/15,ad_group_33,949.09
11/10/15,ad_group_33,475.8
11/11/15,ad_group_33,538.36
11/12/15,ad_group_33,727.68
11/13/15,ad_group_33,864.15
11/14/15,ad_group_33,558.59
11/15/15,ad_group_33,686.32
11/16/15,ad_group_33,1369.6
11/17/15,ad_group_33,561
11/18/15,ad_group_33,557.76
11/19/15,ad_group_33,596.84
11/20/15,ad_group_33,592.47
11/21/15,ad_group_33,640.32
11/22/15,ad_group_33,574.56
10/1/15,ad_group_34,4194.58
10/2/15,ad_group_34,6939.54
10/3/15,ad_group_34,4187.47
10/4/15,ad_group_34,5589.28
10/5/15,ad_group_34,5180
10/6/15,ad_group_34,6633.43
10/7/15,ad_group_34,5555.82
10/8/15,ad_group_34,2794
10/9/15,ad_group_34,5165.56
10/10/15,ad_group_34,3612.68
10/11/15,ad_group_34,3980.8
10/12/15,ad_group_34,5438.16
10/13/15,ad_group_34,6188.96
10/14/15,ad_group_34,4466.55
10/15/15,ad_group_34,6194
10/16/15,ad_group_34,4588.72
10/17/15,ad_group_34,4059.44
10/18/15,ad_group_34,5447.26
10/19/15,ad_group_34,3248
10/20/15,ad_group_34,7325.36
10/21/15,ad_group_34,4329.2
10/22/15,ad_group_34,4684.52
10/23/15,ad_group_34,4804.67
10/24/15,ad_group_34,5883.18
10/25/15,ad_group_34,4262.84
10/26/15,ad_group_34,6218.88
10/27/15,ad_group_34,5770.8
10/28/15,ad_group_34,4940.16
10/29/15,ad_group_34,4520
10/30/15,ad_group_34,5273.4
10/31/15,ad_group_34,6162.64
11/1/15,ad_group_34,4680.27
11/2/15,ad_group_34,5004.8
11/3/15,ad_group_34,7162.7
11/4/15,ad_group_34,4911.3
11/5/15,ad_group_34,6140.16
11/6/15,ad_group_34,6257.79
11/7/15,ad_group_34,5988.8
11/8/15,ad_group_34,5421.44
11/9/15,ad_group_34,4364.71
11/10/15,ad_group_34,5023.5
11/11/15,ad_group_34,5621.86
11/12/15,ad_group_34,5653.38
11/13/15,ad_group_34,5398.5
11/14/15,ad_group_34,4089.54
11/15/15,ad_group_34,5147.52
11/16/15,ad_group_34,6551.8
11/17/15,ad_group_34,5053.36
11/18/15,ad_group_34,6438.61
11/19/15,ad_group_34,4499.2
11/20/15,ad_group_34,4359.88
11/21/15,ad_group_34,4175.37
11/22/15,ad_group_34,6482.24
10/1/15,ad_group_35,397.8
10/2/15,ad_group_35,296.1
10/3/15,ad_group_35,257.73
10/4/15,ad_group_35,358.8
10/5/15,ad_group_35,333.64
10/6/15,ad_group_35,273.02
10/7/15,ad_group_35,318.24
10/8/15,ad_group_35,331.56
10/9/15,ad_group_35,380.64
10/10/15,ad_group_35,276.76
10/11/15,ad_group_35,351.88
10/12/15,ad_group_35,257.6
10/13/15,ad_group_35,463.97
10/14/15,ad_group_35,368.8
10/15/15,ad_group_35,324
10/16/15,ad_group_35,395.46
10/17/15,ad_group_35,219.84
10/18/15,ad_group_35,322.35
10/19/15,ad_group_35,267.92
10/20/15,ad_group_35,308
10/21/15,ad_group_35,404.4
10/22/15,ad_group_35,208.2
10/23/15,ad_group_35,210.6
10/24/15,ad_group_35,267.24
10/25/15,ad_group_35,350.36
10/26/15,ad_group_35,284.2
10/27/15,ad_group_35,394.68
10/28/15,ad_group_35,269.15
10/29/15,ad_group_35,317.52
10/30/15,ad_group_35,272
10/31/15,ad_group_35,241.6
11/1/15,ad_group_35,263.36
11/2/15,ad_group_35,267.63
11/3/15,ad_group_35,383.76
11/4/15,ad_group_35,296.8
11/5/15,ad_group_35,280.5
11/6/15,ad_group_35,299.25
11/7/15,ad_group_35,248.96
11/8/15,ad_group_35,309.6
11/9/15,ad_group_35,373.23
11/10/15,ad_group_35,383.76
11/11/15,ad_group_35,181.25
11/12/15,ad_group_35,292.4
11/13/15,ad_group_35,297.15
11/14/15,ad_group_35,306.95
11/15/15,ad_group_35,278.12
11/16/15,ad_group_35,543.6
11/17/15,ad_group_35,269.28
11/18/15,ad_group_35,302.05
11/19/15,ad_group_35,344.84
11/20/15,ad_group_35,207.9
11/21/15,ad_group_35,224.44
11/22/15,ad_group_35,264.18
10/1/15,ad_group_36,327.2
10/2/15,ad_group_36,466.89
10/3/15,ad_group_36,217.6
10/4/15,ad_group_36,433.78
10/5/15,ad_group_36,383.94
10/6/15,ad_group_36,365.72
10/7/15,ad_group_36,411.4
10/8/15,ad_group_36,324.06
10/9/15,ad_group_36,456
10/10/15,ad_group_36,323.68
10/11/15,ad_group_36,373.45
10/12/15,ad_group_36,571.87
10/13/15,ad_group_36,330.31
10/14/15,ad_group_36,401.15
10/15/15,ad_group_36,414.96
10/16/15,ad_group_36,394.55
10/17/15,ad_group_36,532.56
10/18/15,ad_group_36,542.88
10/19/15,ad_group_36,433.6
10/20/15,ad_group_36,387.2
10/21/15,ad_group_36,433.71
10/22/15,ad_group_36,351.65
10/23/15,ad_group_36,431.2
10/24/15,ad_group_36,409.96
10/25/15,ad_group_36,403.38
10/26/15,ad_group_36,502.98
10/27/15,ad_group_36,440.19
10/28/15,ad_group_36,439.92
10/29/15,ad_group_36,453.6
10/30/15,ad_group_36,416.33
10/31/15,ad_group_36,413.22
11/1/15,ad_group_36,480.33
11/2/15,ad_group_36,416.07
11/3/15,ad_group_36,486.81
11/4/15,ad_group_36,371.57
11/5/15,ad_group_36,424.58
11/6/15,ad_group_36,496.12
11/7/15,ad_group_36,394.1
11/8/15,ad_group_36,364.5
11/9/15,ad_group_36,513.8
11/10/15,ad_group_36,388.96
11/11/15,ad_group_36,428
11/12/15,ad_group_36,416.16
11/13/15,ad_group_36,440
11/14/15,ad_group_36,524.8
11/15/15,ad_group_36,419.04
11/16/15,ad_group_36,487.41
11/17/15,ad_group_36,353.92
11/18/15,ad_group_36,348.75
11/19/15,ad_group_36,384.48
11/20/15,ad_group_36,383.04
11/21/15,ad_group_36,407.22
11/22/15,ad_group_36,367.25
10/1/15,ad_group_37,8645.4
10/2/15,ad_group_37,11221.02
10/3/15,ad_group_37,11304.24
10/4/15,ad_group_37,7977.22
10/5/15,ad_group_37,11788.76
10/6/15,ad_group_37,8603.79
10/7/15,ad_group_37,10443.4
10/8/15,ad_group_37,10691.73
10/9/15,ad_group_37,8208.48
10/10/15,ad_group_37,11137.92
10/11/15,ad_group_37,11688.08
10/12/15,ad_group_37,10945.48
10/13/15,ad_group_37,14103.24
10/14/15,ad_group_37,10589.4
10/15/15,ad_group_37,10864.2
10/16/15,ad_group_37,8467.56
10/17/15,ad_group_37,10922.88
10/18/15,ad_group_37,11571.84
10/19/15,ad_group_37,11612.8
10/20/15,ad_group_37,12960.87
10/21/15,ad_group_37,9748.64
10/22/15,ad_group_37,13632
10/23/15,ad_group_37,11115.44
10/24/15,ad_group_37,10503.72
10/25/15,ad_group_37,11844.6
10/26/15,ad_group_37,6046.08
10/27/15,ad_group_37,11189.76
10/28/15,ad_group_37,10795.68
10/29/15,ad_group_37,8895.42
10/30/15,ad_group_37,9140.08
10/31/15,ad_group_37,12925.01
11/1/15,ad_group_37,13926.28
11/2/15,ad_group_37,10226.72
11/3/15,ad_group_37,11737
11/4/15,ad_group_37,12658.39
11/5/15,ad_group_37,15787.56
11/6/15,ad_group_37,8058.05
11/7/15,ad_group_37,11089.92
11/8/15,ad_group_37,13474.24
11/9/15,ad_group_37,12505.56
11/10/15,ad_group_37,8856.96
11/11/15,ad_group_37,13008.9
11/12/15,ad_group_37,10474.38
11/13/15,ad_group_37,12196.71
11/14/15,ad_group_37,13083.06
11/15/15,ad_group_37,14414.4
11/16/15,ad_group_37,7587.58
11/17/15,ad_group_37,11123.96
11/18/15,ad_group_37,14336.2
11/19/15,ad_group_37,12562.38
11/20/15,ad_group_37,11935.12
11/21/15,ad_group_37,11231.36
11/22/15,ad_group_37,15053.04
10/1/15,ad_group_38,15587.34
10/2/15,ad_group_38,15975.12
10/3/15,ad_group_38,13544.09
10/4/15,ad_group_38,15793.4
10/5/15,ad_group_38,14494.6
10/6/15,ad_group_38,10272.6
10/7/15,ad_group_38,19246.24
10/8/15,ad_group_38,16596.3
10/9/15,ad_group_38,16608.56
10/10/15,ad_group_38,13425.72
10/11/15,ad_group_38,14810.4
10/12/15,ad_group_38,15569.39
10/13/15,ad_group_38,11272.36
10/14/15,ad_group_38,12756.81
10/15/15,ad_group_38,21195.36
10/16/15,ad_group_38,21425.6
10/17/15,ad_group_38,18441.63
10/18/15,ad_group_38,13064.64
10/19/15,ad_group_38,20186.64
10/20/15,ad_group_38,16187.8
10/21/15,ad_group_38,15550.89
10/22/15,ad_group_38,18915.39
10/23/15,ad_group_38,14817.06
10/24/15,ad_group_38,13300.84
10/25/15,ad_group_38,15373.2
10/26/15,ad_group_38,19175.49
10/27/15,ad_group_38,15782.13
10/28/15,ad_group_38,14669.64
10/29/15,ad_group_38,12833.17
10/30/15,ad_group_38,12594.4
10/31/15,ad_group_38,15199.47
11/1/15,ad_group_38,16509.35
11/2/15,ad_group_38,14231.04
11/3/15,ad_group_38,18091.04
11/4/15,ad_group_38,13456.32
11/5/15,ad_group_38,15474.4
11/6/15,ad_group_38,10576.55
11/7/15,ad_group_38,17263.7
11/8/15,ad_group_38,16684.88
11/9/15,ad_group_38,12403.44
11/10/15,ad_group_38,10655.19
11/11/15,ad_group_38,13490.82
11/12/15,ad_group_38,12773.88
11/13/15,ad_group_38,14381.4
11/14/15,ad_group_38,15486.8
11/15/15,ad_group_38,20173.86
11/16/15,ad_group_38,12485.12
11/17/15,ad_group_38,19470.78
11/18/15,ad_group_38,15793.4
11/19/15,ad_group_38,15499.4
11/20/15,ad_group_38,16267.55
11/21/15,ad_group_38,15246.73
11/22/15,ad_group_38,13913.22
10/1/15,ad_group_39,1603.84
10/2/15,ad_group_39,1617.33
10/3/15,ad_group_39,1040.52
10/4/15,ad_group_39,1636.76
10/5/15,ad_group_39,1266.72
10/6/15,ad_group_39,1226.82
10/7/15,ad_group_39,1219.78
10/8/15,ad_group_39,1781.26
10/9/15,ad_group_39,1731.79
10/10/15,ad_group_39,1349.46
10/11/15,ad_group_39,2155.25
10/12/15,ad_group_39,942.5
10/13/15,ad_group_39,1972.25
10/14/15,ad_group_39,2382.06
10/15/15,ad_group_39,1685.86
10/16/15,ad_group_39,1181.28
10/17/15,ad_group_39,1599
10/18/15,ad_group_39,1517.76
10/19/15,ad_group_39,1592.76
10/20/15,ad_group_39,1419.32
10/21/15,ad_group_39,1440
10/22/15,ad_group_39,1957.36
10/23/15,ad_group_39,1601.13
10/24/15,ad_group_39,1103.66
10/25/15,ad_group_39,1436.22
10/26/15,ad_group_39,1186.86
10/27/15,ad_group_39,1277.46
10/28/15,ad_group_39,1909.2
10/29/15,ad_group_39,1564.56
10/30/15,ad_group_39,2113.76
10/31/15,ad_group_39,1387.54
11/1/15,ad_group_39,1525.68
11/2/15,ad_group_39,1860.38
11/3/15,ad_group_39,1780.24
11/4/15,ad_group_39,1562.56
11/5/15,ad_group_39,2185.92
11/6/15,ad_group_39,1320.16
11/7/15,ad_group_39,1372.14
11/8/15,ad_group_39,1874.8
11/9/15,ad_group_39,1800.09
11/10/15,ad_group_39,1398.26
11/11/15,ad_group_39,1777.76
11/12/15,ad_group_39,1817.3
11/13/15,ad_group_39,1880.51
11/14/15,ad_group_39,1604.87
11/15/15,ad_group_39,1732.36
11/16/15,ad_group_39,2358.87
11/17/15,ad_group_39,1788.48
11/18/15,ad_group_39,1365.1
11/19/15,ad_group_39,1627.71
11/20/15,ad_group_39,1288.26
11/21/15,ad_group_39,1552.5
11/22/15,ad_group_39,1873.74
10/1/15,ad_group_40,1028.36
10/2/15,ad_group_40,964.6
10/3/15,ad_group_40,1217.84
10/4/15,ad_group_40,1033.92
10/5/15,ad_group_40,1152.36
10/6/15,ad_group_40,1083.15
10/7/15,ad_group_40,1181.46
10/8/15,ad_group_40,1015.56
10/9/15,ad_group_40,1498.84
10/10/15,ad_group_40,1168.85
10/11/15,ad_group_40,1133.44
10/12/15,ad_group_40,1696.84
10/13/15,ad_group_40,869.53
10/14/15,ad_group_40,1287.8
10/15/15,ad_group_40,1122.9
10/16/15,ad_group_40,1199.04
10/17/15,ad_group_40,1272
10/18/15,ad_group_40,1127.16
10/19/15,ad_group_40,1195.27
10/20/15,ad_group_40,1280.64
10/21/15,ad_group_40,1355.12
10/22/15,ad_group_40,1164.97
10/23/15,ad_group_40,1122
10/24/15,ad_group_40,1363.44
10/25/15,ad_group_40,1527.72
10/26/15,ad_group_40,1214.4
10/27/15,ad_group_40,1029.51
10/28/15,ad_group_40,1104.96
10/29/15,ad_group_40,749.76
10/30/15,ad_group_40,1246.89
10/31/15,ad_group_40,1347.15
11/1/15,ad_group_40,1105.83
11/2/15,ad_group_40,1108.8
11/3/15,ad_group_40,1314.28
11/4/15,ad_group_40,1629.61
11/5/15,ad_group_40,1424.05
11/6/15,ad_group_40,1494.15
11/7/15,ad_group_40,1977.84
11/8/15,ad_group_40,1561.68
11/9/15,ad_group_40,1646.13
11/10/15,ad_group_40,1351.85
11/11/15,ad_group_40,1352.4
11/12/15,ad_group_40,1225
11/13/15,ad_group_40,1752.63
11/14/15,ad_group_40,1409.8
11/15/15,ad_group_40,1517.26
11/16/15,ad_group_40,1143.04
11/17/15,ad_group_40,1207.45
11/18/15,ad_group_40,1339.26
11/19/15,ad_group_40,1413
11/20/15,ad_group_40,1451.88
11/21/15,ad_group_40,1482.96
11/22/15,ad_group_40,1377.09